{
  "accuracy": 0.9912280701754386,
  "precision": 1.0,
  "recall": 0.9761904761904762,
  "f1": 0.9879518072289156,
  "roc_auc": 0.9970238095238095
}